{"count": 23, "results": [{"id": 1, "name": "You've heard of elf on the shelf, but what about the proliferation of COVID-19?", "description": "The Roombas are trying to gain the upper hand over the human population. We believe they're going to target pivotal industries such as real estate, critical infrastructure, information security and healthcare. We don't know who yet, but we know it's a group of close friends and all are infected with COVID-19.\r\n\r\nWe need to enact Contact Tracing - finding every detail about their lives in order to predict and contain their movements. No one has heard from them since March. We must build up details about them for the agents to then take over. That's where you come in.\r\n\r\nOur first piece of intelligence is a gentleman by the name of Marc Hevis - a co-owner of Hevis Properties Pty Ltd. We have agents ready on the ground, and others covering all his other social media - your task is to find his Twitter account.\r\n\r\nFlag format: CYBAR{x} (No @ sign)\r\n\r\n**Note: This challenge is required to unlock future challenges.**", "max_attempts": 0, "value": 50, "category": "Social", "type": "standard", "state": "visible", "requirements": {"prerequisites": [17]}}, {"id": 2, "name": "WFH (EoM) - Part 1", "description": "Contact Tracing continues. We need to locate Marc's home and evacuate the neighborhood/building and place them in isolation.\r\n\r\nWhat's the name of the building Marc lives in?\r\n\r\nFlag format: CYBAR{x}", "max_attempts": 0, "value": 350, "category": "Social", "type": "standard", "state": "visible", "requirements": {"prerequisites": [1]}}, {"id": 3, "name": "WFH (EoM) - Part 2", "description": "We need more information on the building to work out the level it's being potentially filmed from. How many levels (above ground) does the building have?\r\n\r\n*IMPORTANT* There are only three attempts allowed to solve this.\r\n\r\nFlag format: CYBAR{x}", "max_attempts": 3, "value": 100, "category": "Social", "type": "standard", "state": "visible", "requirements": {"prerequisites": [2]}}, {"id": 4, "name": "WFH (EoM) - Part 3", "description": "Alright, we need to figure out how long Marc has lived there for, and the earliest he could have moved in. What was the year the building was finally built in?\r\n\r\n*IMPORTANT* There are only three attempts allowed to solve this.\r\n\r\nFlag format: CYBAR{x}", "max_attempts": 3, "value": 50, "category": "Social", "type": "standard", "state": "visible", "requirements": {"prerequisites": [2]}}, {"id": 5, "name": "Pretty Fly for a WiFi", "description": "We need to find Marc's second office location (not the primary workplace) for the contract tracing. Business records tell us it's relatively new. Scour his Twitter account and see if there's anything that can help us geo-locate it. We don't need it down to the road, just the town (not suburb) and we can work from there.\r\n\r\nFlag format: CYBAR{x}", "max_attempts": 0, "value": 250, "category": "Social", "type": "standard", "state": "visible", "requirements": {"prerequisites": [1]}}, {"id": 6, "name": "Fake News", "description": "We've just received a report of The Daily News publishing an article that is causing a lot of concern and fear in the public. Given its wording and theme, we are sure it's fake news generated by the Roomba. However, TDN will not disclose their source. Here's the article, we need you to find the exact number of people that went through Southern Cross Station at the exact time referenced so we can determine if the article is fake. SX Station has released a statement saying that all footage of that night has been deleted so we can't rely on visuals.\r\n\r\nArticle text: **\"Wild scenes as 40 people confirmed to be infected with COVID-19 ran through Southern Cross Station at 4:00am on Friday, the 28th of February 2020. The frightening witness account has caused panic buying at stores around the country as people prepare to stay indoors. Our source confirms they were the only witness and that this infectious routine could be happening at other major transport venues through the country without the public's knowledge.\"**\r\n\r\nFind the exact number of pedestrians that walked through Southern Cross Station that morning at 4am, on Friday, the 28th of February. \r\n\r\nFlag format: CYBAR{x} (digits only)\r\n\r\n**[IMPORTANT]: There are only three attempts allowed to solve this.**\r\n\r\n", "max_attempts": 4, "value": 650, "category": "General", "type": "standard", "state": "visible", "requirements": {"prerequisites": [17]}}, {"id": 7, "name": "By A Thread - Part I", "description": "Alright, we need to start building up a profile of Marc's friend, Alycee. Find anything you can that might help us find more information on government databases about her such as an Australian Business Number (ABN).\r\n\r\nWe managed to locate her tax agent on AirTasker - maybe you could get in touch and somehow convince him to provide some information about her tax return.\r\n\r\nhttps://www.airtasker.com/users/paul-n-19685038/\r\n\r\nPublic records show his email address is taxteamtechs@gmail.com\r\n\r\nFlag format: CYBAR{x x x}", "max_attempts": 0, "value": 125, "category": "Social", "type": "standard", "state": "visible", "requirements": {"prerequisites": [1]}}, {"id": 8, "name": "By A Thread - Part II ", "description": "Can you locate Alycee's date of birth?\r\n\r\nFlag format: CYBAR{xx/xx/xxxx}", "max_attempts": 0, "value": 50, "category": "Social", "type": "standard", "state": "visible", "requirements": {"prerequisites": [1]}}, {"id": 9, "name": "Contact Tracing - Part I", "description": "It's suspected the Roomba targeted one of Marc's friends, Alycee, with COVID19 based on her regular flights around the world to different critical infrastructure areas (e.g. gas and oil). We must undertake contact tracing for Alycee without warning the subject. We need to find out every location she has been in the past few years to get a profile. This profile will then help us predict and prevent where she might go next.\r\n\r\nWhat is the full URL of Alycee's art account?\r\n\r\nFlag format: CYBAR{https://www.x.x/x}", "max_attempts": 0, "value": 75, "category": "Social", "type": "standard", "state": "visible", "requirements": {"prerequisites": [1]}}, {"id": 10, "name": "Contact Tracing - Part II", "description": "We need more locations Alycee may have or will visit in the future.\r\n\r\nWhat is the exact name of the volcano that Alycee visited?\r\n\r\nFlag format: CYBAR{x}", "max_attempts": 0, "value": 100, "category": "Social", "type": "standard", "state": "visible", "requirements": {"prerequisites": [1]}}, {"id": 11, "name": "Contact Tracing - Part III", "description": "We need more locations Alycee may have or will visit in the future.\r\n\r\nWhat is the first name of the park that Alycee likes to visit?\r\n\r\nNOTE: There are only 5 attempts available for this challenge.\r\n\r\nFlag format: CYBAR{x}", "max_attempts": 5, "value": 125, "category": "Social", "type": "standard", "state": "visible", "requirements": {"prerequisites": [1]}}, {"id": 12, "name": "Contact Tracing - Part IV", "description": "We are trying to locate in which suburb Alycee's friend **Marcel** lives in, to zone in on potential areas of risk he may potentially cause having COVID19. Please find it for us so that we can get some agents there on the ground.\r\n\r\nFlag format: CYBAR{x}\r\n\r\n[Note]: There are only 5 attempts allowed for this challenge.", "max_attempts": 5, "value": 275, "category": "Social", "type": "standard", "state": "visible", "requirements": {"prerequisites": [1]}}, {"id": 13, "name": "Contact Tracing - Part V", "description": "We are trying to locate in which town Alycee's friend  **Pong** lives in, to zone in on potential areas of risk he may potentially cause having COVID19.\r\n\r\nFlag format: CYBAR{x}", "max_attempts": 0, "value": 125, "category": "Social", "type": "standard", "state": "visible", "requirements": {"prerequisites": [1]}}, {"id": 14, "name": "Contact Tracing - Part VI", "description": "We've learned that Pong has a vehicle and may have visited nearby towns in the past few months. We were going to do license plate detection but no doubt the Roomba's have either changed this or prevented plate reads. We need to know the exact make and model car Pong is driving to get visual confirmation.\r\n\r\nFind the make and model of Pong's vehicle.\r\n\r\nFlag format: CYBAR{x x}", "max_attempts": 0, "value": 75, "category": "Social", "type": "standard", "state": "visible", "requirements": {"prerequisites": [1]}}, {"id": 15, "name": "Trojan Horse", "description": "It's 12:57am. You get an SMS from your red team manager - **\"Hey, we have a situation... Call me.\"**. \r\n\r\nStepping out of bed and into the sleepy lights of the city, you tighten your hoodie and hit call. - **\"Hey. So a crime-stoppers report just came in, and apparently a passerby spotted a roomba trying to implant a consciousness into a... yeah this is going to sound weird... horse. Said something like 'the horse had a name on its side', but couldn't remember what. He said it was no more than 200m past the BP Petrol station in Mansfield, VIC on his way to Mt Buller. Located on the side of the road. Find the horse, find what name was on its coat. Once you've done that, we can put out an All-Points Bulletin for it.\"**\r\n\r\nFind and submit the name on the horses' coat to notify local law enforcement in the area.", "max_attempts": 0, "value": 125, "category": "General", "type": "standard", "state": "visible", "requirements": {"prerequisites": [17]}}, {"id": 16, "name": "Lies and Treason", "description": "An email comes in from a Threat-Intelligence lead in France. Apparently, in a routine Occupational Health & Safety (OH&S) check, inspectors found a warehouse stacked to the roof of roombas. Fortunately, none of them had been pre-loaded with consciousness, but when police arrived on the scene the entire stock was gone.\r\n\r\nFortunately, the warehouse's company was tracked down to an expensive suburb in Sydney's harbour district. **\"CYBAR PROPERTY PTY. LTD\"** The TI is only a junior and mentions they've done a quick search of the owner - Lillie - but can't find any more information. A laptop found in the French warehouse requires a password and we NEED to find if there are any other Australian warehouses owned by Lillie storing potentially dangerous roombas.\r\n\r\nThe TI has left you a voicemail: **\"The password hint on the laptop is 'my middle name'. Can you grab the current company information and see if the records contain her middle name? I'm sorry, but no one's going to expense you on this one, you gotta find it yourself. Goodluck\"**", "max_attempts": 0, "value": 450, "category": "General", "type": "standard", "state": "visible", "requirements": {"prerequisites": [17]}}, {"id": 17, "name": "Tutorial Island", "description": "Welcome to the CYBAR Open-Source Intelligence CTF. Most challenges can be solved with a browser, online tools and some know-how.\r\n\r\nWhen you find something, whether it be a picture, text, code or whatnot, you must submit it into the CTF server by putting the 'flag format' around it. For example, if the flag asked you to find the name of a yellow fruit, and you confirmed it was a banana, you'd submit \"CYBAR{banana}\". Don't worry too much about caps, it's not case-sensitive.\r\n\r\nTo kick it off, let's try your first flag. You get into work, boot up your system and hit up Spotify. You can't remember the name of the artist or song you were listening to the other day but it put you in the ZONE. Scratching your head, you remember just a line of lyrics...\r\n\r\n\"In the name of the Spam God, that's what's up\"\r\n\r\nHuh. Let's do a quick search and see if we can find the artist, and submit as a flag. When done, you can kick off their playlist to pair with the CTF.", "max_attempts": 0, "value": 50, "category": "Introduction", "type": "standard", "state": "visible", "requirements": null}, {"id": 18, "name": "Where in the World is Wuhan - Part I", "description": "*ping*\r\n\r\n**Subject:**\r\nPossible compromise - Facebook superadmin account\r\n**Message:**\r\nWe've received an alert from CERT Australia of a possible superadmin compromise within Facebook's backend servers. As you know, they control a number of global node servers and if the roombas get access to pushing content....who knows what they might do. But we're currently looking at Roombas trying to learn the genetic structure and makeup of the novel coronavirus...from various supercookies tracking scientists browser history research. Of course, this can all be found out via the GraphQL API.\r\n\r\nFacebook being facebook, they're not providing any word at this point. However, combining this with the thousands of Federal Police ACORNS reports we've had in the past few days, it's possible. Let's start from the top. Find Mark Zuckerbergs email address and submit it into the portal; we'll run some automated checks to see if it's appeared in any 3rd party breach sites.", "max_attempts": 0, "value": 75, "category": "General", "type": "standard", "state": "visible", "requirements": {"prerequisites": [17]}}, {"id": 19, "name": "Contact Tracing - Part VII", "description": "Pong may have travelled international recently, and we need you to find out which city he was in.\r\n\r\nFlag format: CYBAR{x}\r\n\r\n[NOTE]: This challenge has 5 attempts only.", "max_attempts": 5, "value": 50, "category": "Social", "type": "standard", "state": "visible", "requirements": {"prerequisites": [1]}}, {"id": 20, "name": "Clocking Overtime", "description": "Let's start canvassing Marc's working life. Which town is Marc's primary (not newest) workplace located in?\r\n\r\nFlag format: CYBAR{x}\r\n\r\n[NOTE]: This challenge has 5 attempts only.", "max_attempts": 5, "value": 225, "category": "Social", "type": "standard", "state": "visible", "requirements": {"prerequisites": [1]}}, {"id": 22, "name": "Where in the World is Wuhan - Part II", "description": "*ping*\r\n\r\n**Subject:**\r\nPossible compromise - Facebook superadmin account\r\n**Message:**\r\nGot it, thanks. We were right; breached in a few online dumps; trust Zuck to have \"I_hate_myspace_tom\" as his password. Long story short, we can link this to the breach. Problem is, we're unsure exactly which global node server the roomba's are going to target.\r\n\r\nWe did however find this image on the server, as the most recently changed file. It could be a geo-map of where they're planning to strike next, or it could simply be the ex-admin's next holiday destination. Either way, we need to know where that is NOW to start targeted keyword analysis. There's no metadata on this one - you're going to have to recognise the physical features.\r\n\r\nFind the source of the image online, and I'll take care of the rest.\r\n\r\nNOTE: This challenge is marked *manually*. It will state \"incorrect\", please ignore. PLEASE CONTACT A MOD WITH SCREENSHOT EVIDENCE WITH YOUR SUBMISSION: https://discord.gg/EjEEm8Y\r\n/image credit not ours/", "max_attempts": 0, "value": 675, "category": "General", "type": "standard", "state": "visible", "requirements": {"prerequisites": [18]}}, {"id": 23, "name": "Static on the wire", "description": "Roombas everywhere are using social media to try and spread COVID propaganda about 5G infecting the public...basically saying people will start emitting Wi-Fi radiation.\r\n\r\nHowever, a new tactic has just hit our radar. We've just received reports of propaganda spreading through amateur radio. We're unsure of the call-sign, but the caller reported the following statement:\r\n\r\n\"I was on the phone to my wife in Florence, Alabama. In the background of her HAM radio, I heard someone calling himself 'Scotty' in some weird-ass robotic voice, clamoring on about that 'demic giving everyone 5G and sorts.\"\r\n\r\nThat's all we have to go off for now. Find the call-sign and submit it to us so we can start tracking down their home address.\r\n\r\nFlag format: CYBAR{x}\r\n\r\n[NOTE]: This challenge has 5 attempts only.", "max_attempts": 5, "value": 175, "category": "General", "type": "standard", "state": "visible", "requirements": {"prerequisites": [17]}}, {"id": 24, "name": "Curious Case of COVID", "description": "We've received a report that a roomba has been detected travelling through Texas, USA. All we know is that they're likely between Houston, San Antonio or Austin. Which one, we don't know.\r\n\r\nAll we have is a video taken from inside the moving vehicle. You need to piece together the sourroundings to give us the exact road name they were travelling on.\r\n\r\nHere is the recorded video: https://mega.nz/folder/E1lXzZYa#lZawGxAgr57-IKJPR8znhQ\r\n\r\nFor example, 16 Maple street would be: {16 Maple}\r\n\r\nFlag format: CYBAR{x x}\r\n\r\n[NOTE]: There are 5 attempts allowed for this challenge. If in doubt, PM a mod!", "max_attempts": 5, "value": 725, "category": "General", "type": "standard", "state": "visible", "requirements": null}], "meta": {}}