{"count": 28, "results": [{"id": 1, "challenge_id": 1, "type": "static", "content": "CYBAR{HevisMarc}", "data": "case_insensitive"}, {"id": 2, "challenge_id": 2, "type": "static", "content": "CYBAR{QV1}", "data": "case_insensitive"}, {"id": 3, "challenge_id": 3, "type": "static", "content": "CYBAR{36}", "data": "case_insensitive"}, {"id": 4, "challenge_id": 4, "type": "static", "content": "CYBAR{2004}", "data": "case_insensitive"}, {"id": 5, "challenge_id": 5, "type": "static", "content": "CYBAR{Ballarat}", "data": "case_insensitive"}, {"id": 6, "challenge_id": 6, "type": "static", "content": "CYBAR{14}", "data": "case_insensitive"}, {"id": 7, "challenge_id": 7, "type": "static", "content": "CYBAR{546 877 954}", "data": "case_insensitive"}, {"id": 8, "challenge_id": 8, "type": "static", "content": "CYBAR{01/01/1989}", "data": "case_insensitive"}, {"id": 9, "challenge_id": 9, "type": "static", "content": "CYBAR{https://www.deviantart.com/alyceedoesstem}", "data": "case_insensitive"}, {"id": 10, "challenge_id": 10, "type": "static", "content": "CYBAR{Kilauea}", "data": "case_insensitive"}, {"id": 11, "challenge_id": 11, "type": "static", "content": "CYBAR{Wilson}", "data": "case_insensitive"}, {"id": 12, "challenge_id": 11, "type": "static", "content": "CYBAR{Wilson Botanic Park}", "data": "case_insensitive"}, {"id": 13, "challenge_id": 8, "type": "static", "content": "CYBAR{1/1/1989}", "data": "case_insensitive"}, {"id": 15, "challenge_id": 12, "type": "static", "content": "CYBAR{Burwood}", "data": "case_insensitive"}, {"id": 16, "challenge_id": 13, "type": "static", "content": "CYBAR{Blackall}", "data": "case_insensitive"}, {"id": 17, "challenge_id": 14, "type": "static", "content": "CYBAR{KIA Stinger}", "data": "case_insensitive"}, {"id": 18, "challenge_id": 15, "type": "static", "content": "CYBAR{SWAGS}", "data": "case_insensitive"}, {"id": 19, "challenge_id": 16, "type": "static", "content": "CYBAR{THERESA}", "data": "case_insensitive"}, {"id": 20, "challenge_id": 17, "type": "static", "content": "CYBAR{YTCracker}", "data": "case_insensitive"}, {"id": 21, "challenge_id": 18, "type": "static", "content": "CYBAR{zuck@fb.com}", "data": "case_insensitive"}, {"id": 22, "challenge_id": 4, "type": "static", "content": "CYBAR{2005}", "data": "case_insensitive"}, {"id": 23, "challenge_id": 3, "type": "static", "content": "CYBAR{44}", "data": "case_insensitive"}, {"id": 24, "challenge_id": 19, "type": "static", "content": "CYBAR{Colombo}", "data": "case_insensitive"}, {"id": 25, "challenge_id": 20, "type": "static", "content": "CYBAR{werribee}", "data": "case_insensitive"}, {"id": 27, "challenge_id": 23, "type": "static", "content": "CYBAR{KG4RFV}", "data": "case_insensitive"}, {"id": 28, "challenge_id": 10, "type": "static", "content": "CYBAR{K\u012blauea}", "data": "case_insensitive"}, {"id": 30, "challenge_id": 22, "type": "static", "content": "CYBAR{itsfake}", "data": ""}, {"id": 31, "challenge_id": 24, "type": "static", "content": "CYBAR{151 access}", "data": "case_insensitive"}], "meta": {}}