{"count": 2, "results": [{"id": 1, "title": "CYBAR CTF", "route": "index", "content": "<div class=\"row\">\r\n    <div class=\"col-md-6 offset-md-3\">\r\n        <a href=\"https://cybar.party/ \"target=\"_blank\"><img class=\"w-300 mx-auto d-block\" src=\"/files/51de2e7f6abb1531699b8a4c0b7bb8ed/Solar_Energy.png\" style=\"max-width:100%; height:auto;\"></a>\r\n        <p class=\"text-center\" style=\"font-size:20px\">\r\n        \t<b>Thanks to our sponsor</b>\r\n        \t<a href=\"https://privasec.com/\" target=\"_blank\"><img class=\"w-300 mx-auto d-block\" src=\"/files/a71d0a5e72462bf6f75d28d0a0d88456/Privasec-logo.png\" style=\"max-width:100%; height:80px;\"></a>\r\n        </p>\r\n        <br>\r\n        <p class=\"text-center\">\r\n\t        <a href=\"https://cybar.party\">CYBAR</a> is a not-for-profit event in Melbourne, Australia for students who have an interest in Cyber Security or Technology to meet others with similar interests, compete in CTF's for cool prizes, share ideas through fireball talks, eat plenty of pizza and dance the night away!\r\n\t        All profits from the event will go to a charity voted on by the attendees.\r\n\t        <br><br>\r\n\t        <a href=\"https://www.cybar.party/event-postponed\">Unfortunately due to COVID-19 we were forced to postpone the event</a>. We have not yet confirmed a new date for the event, but once restrictions in Victoria ease up we will work to lock one in as soon as possible!\r\n\t        <br><br>\r\n\t        <a href=\"https://www.eventbrite.com.au/e/cybar-2020-tickets-82909310981\">Tickets are still on sale on the Eventbrite page</a> if you are interested, or if you would like to support us can also donate using the <b>\"Donate to CYBAR\"</b> Eventbrite ticket.\r\n        </p>\r\n        <br>\r\n        <h4 class=\"text-center\">Times:</h4>\r\n        <p class=\"text-center\" style=\"font-size: 18px;\">\r\n        \t<a href=\"https://www.cybar.party/osint-ctf\">LIVE COUNTDOWN</a>\r\n            <br>\r\n        \tStart Time: 6/6/2020 at 18:00 AEST\r\n            <br>\r\n            End Time: 7/6/2020 at 18:00 AEST\r\n        </p>\r\n        <br>\r\n        <h4 class=\"text-center\">Prizes:</h4>\r\n        <p class=\"text-center\">\r\n            Huge thanks to our sponsor <a href=\"https://privasec.com/\">Privasec</a> for making these prizes possible.\r\n\t\t\t<br>\r\n        \tPrizes will be awarded to the team captain of each winning team, or another nominated team member should the captain be unreachable. <b>Please ensure you use a real email address so that we can contact you after the CTF</b>.\r\n            <ul>\r\n              <li>First Place: AU$800 Visa/Mastercard gift card</li>\r\n              <li>Second Place: AU$400 Visa/Mastercard gift card</li>\r\n              <li>Third Place: AU$200 Visa/Mastercard gift card</li>\r\n              <li>Fourth Place: AU$50 Visa/Mastercard gift card</li>\r\n              <li>Fifth Place: AU$50 Visa/Mastercard gift card</li>\r\n            </ul>\r\n        </p>\r\n        <br>\r\n        <h4 class=\"text-center\">A Few Simple Rules:</h4>\r\n        <p class=\"text-center\">\r\n\t        <ul>\r\n              <li>Teams are limited to a maximum of <b>5 members</b></li>\r\n\t          <li>Do not target the CTF infrastructure or admins. <b>If you are found to fuzz/bruteforce/attack the platform, your team will be disqualified</b></li>\r\n\t          <li>Do not attack/modify social media accounts used in the CTF.</li>\r\n\t          <li>Do not share flags or hints with anyone that isn't in your team.</li>\r\n\t          <li>Have fun!</li>\r\n\t        </ul>\r\n        </p>\r\n        <br>\r\n        <h4 class=\"text-center\">Greetz:</h4>\r\n        <p class=\"text-center\">\r\n        \tThis CTF was created with love by securitymeta_ and would not have been possible without the following people:\r\n            <br>\r\n            - N33dle\r\n            <br>\r\n            - IFLinfosec\r\n            <br>\r\n            - OpSys\r\n            <br>\r\n            - Darkstavio\r\n            <br>\r\n            - CYBAR team\r\n            <br>\r\n            <br>\r\n            Playtesters who squashed bugs and drank a fair bit of coffee:\r\n            <br>\r\n            - hotpheex\r\n            <br>\r\n            - infosecmemes\r\n            <br>\r\n            - h4ck3rm4n\r\n            <br>\r\n            - nocturnal\r\n            <br>\r\n            - savi0\r\n            <br>            \r\n            - CYBAR team\r\n            <br>\r\n            <br>\r\n            Whilst many challenges are OG, others are inspired and credits go to these great hackers/events at:\r\n            <br>\r\n            - Randoms on twitter\r\n            <br>\r\n            - TraceLabs Missing Persons CTF\r\n            <br>\r\n            - Cyber Security Society at Cardiff University\r\n            <br>\r\n        </p>\r\n        <br>\r\n        <h4 class=\"text-center\">Help:</h4>\r\n        <p class=\"text-center\">\r\n        \tIf you think there may be an issue with the CTF, or need to contact an admin for any reason you can reach out on our <a href=\"https://discord.gg/KsSh24V\">Discord channel</a>.\r\n        </p>\r\n        <br>\r\n        <h5 class=\"text-center\">\r\n            <p>Follow us on social media:</p>\r\n            <a href=\"https://twitter.com/CYBARcx\"><i class=\"fab fa-twitter fa-2x\" aria-hidden=\"true\"></i></a>&nbsp;\r\n            <a href=\"https://www.facebook.com/CYBARcx\"><i class=\"fab fa-facebook fa-2x\" aria-hidden=\"true\"></i></a>\r\n        </h5>\r\n    </div>\r\n</div>", "draft": false, "hidden": false, "auth_required": false}, {"id": 2, "title": "Achievements", "route": "achievements", "content": "<div class=\"row\">\r\n    <div class=\"col-md-6 offset-md-3\">\r\n    <br>\r\n        <br>\r\n\t\t<h3 class=\"text-center\">Achievements</h3>\r\n        <br>\r\n        <p class=\"text-center\">\r\n            The following achievements will be manually awarded to players by CTF admins:\r\n            <ul>\r\n              <li><b>Friendly Old Chap:</b> Introduced your team in #intro on the <a href=\"https://discord.gg/EjEEm8Y\">Discord channel</a> (5 points)</li>\r\n              <li><b>First Blood:</b>  First team to solve a challenge other than the tutorial (10 points)</li>\r\n              <li><b>It's Lonely at the Top:</b> Awarded to any team that is the only solver of a single challenge (100 points)</li>\r\n              <li><b>Speedrunner:</b> First team to get 1000 points in the first 1 hour (25 points)</li>\r\n              <br>\r\n              <li><b>Helping:</b> Any team to submit ANY challenge-breaking bug that we fix. Ouch. (15 point)</li>\r\n              <li><b>Spoiler Alert:</b> Awarded to any team that puts spoilers or hints on #chat (-100 points)</li>\r\n              <br>\r\n              <li><b>Sasaeng:</b> First team to complete all \"Contact Tracing\" challenges (15 points)</li>\r\n              <li><b>GEOhot and Proud:</b> First team to solve all Geospatial challenges (25 points)</li>\r\n              <li><b>Social Butterfly:</b> First team to solve all challenges in the Social category (25 points)</li>\r\n              <li><b>Somebody Stop Them:</b> First team to solve all challenges in the General category (25 points)</li>\r\n              <br>\r\n              <li><b>Dancing Like an SSLStripper:</b> First team to solve all challenges (75 points)</li>\r\n              <li><b>Dancing Like a Tucan:</b> Second team to solve all challenges (50 points)</li>\r\n              <li><b>Dancing Like a Milworm:</b> Third team to solve all challenges (25 points)</li>\r\n            </ul>\r\n        </p>\r\n\r\n    </div>\r\n</div>", "draft": false, "hidden": false, "auth_required": false}], "meta": {}}